# Zhai et al. DR-NTU dataset V1, DOI 10.21979/N9/WZAMZ0.
# Derived without numerical modification from columns 7-8 of deposited
# "Figure 3b Bremsstrahlung.tab", Dataverse file id 287301.
# Source MD5: 930509a7e99c67a61936f94b7ad0510b
# Units: energy eV; detected intensity Phs/eV/s/nA.
energy_eV,intensity_Phs_per_eV_s_nA
754.3068515227599,0.7845421448001629
759.2636806078847,0.8003418706031061
764.2208230181336,0.8161195935312217
769.1782787535067,0.8318717184170349
774.1360478140035,0.8475946871440715
779.0941301996244,0.8632849848508342
784.0525259103692,0.8789391461470586
789.0112349462379,0.8945537613420237
793.9702573072304,0.9101254826835503
798.929592993347,0.9256510306050569
803.8892420045876,0.94112719997663
808.8492043409519,0.956550866354552
813.8094800024403,0.9719189922221458
818.7700689890527,0.9872286332131223
823.7309713007888,1.002476944306952
828.692186937649,1.0176611859840876
833.6537158996332,1.0327787303271985
838.6155581867409,1.0478270670529797
843.5777137989729,1.0628038094575598
848.5401827363288,1.0777067002571166
853.5029649988087,1.0925336173040106
858.4660605864124,1.1072825791576042
863.42946949914,1.1219517504879735
868.3931917369919,1.1365394472899206
873.3572272999673,1.1510441418841304
878.3215761880668,1.1654644676819363
883.2862384012903,1.1797992236900192
888.2512139396378,1.1940473787314305
893.2165028031089,1.2082080753596418
898.1821049917043,1.2222806334428333
903.1480205054235,1.236264553396376
908.1142493442666,1.2501595190424093
913.0807915082336,1.2639654000765437
918.0476469973244,1.2776822541230533
923.0148158115393,1.2913103283613938
927.9822979508781,1.3048500607085258
932.950093415341,1.3183020805432772
937.9182022049276,1.3316672089608512
942.8866243196383,1.34494645854755
947.855359759473,1.3581410326677927
952.8244085244314,1.371252324257603
957.7937706145138,1.3842819141208098
962.7634460297203,1.3972315687263408
967.7334347700506,1.4101032375070595
972.7037368355049,1.4228990496626666
977.6743522260828,1.4356213104712308
982.645280941785,1.4482724971158434
987.6165229826111,1.4608552540348243
992.588078348561,1.473372387805701
997.5599470396351,1.4858268615749204
1002.5321290558329,1.4982217890468918
1007.5046243971547,1.510560428047491
1012.4774330636003,1.5228461736785863
1017.4505550551701,1.5350825510814912
1022.4239903718636,1.547273207828453
1027.397739013681,1.5594219059624257
1032.3718009806228,1.5715325137063911
1037.346176272688,1.5836089968644014
1042.3208648898774,1.595655409937366
1047.2958668321908,1.6076758869773213
1052.2711820996278,1.619674632204583
1057.246810692189,1.6316559104127477
1062.2227526098739,1.643624037187006
1067.1990078526828,1.6555833689616464
1072.175576420616,1.6686565505643693
1077.1524583136727,1.6817297321670925
1082.1296535318536,1.6948009218747786
1087.1071620751582,1.707868127792391
1092.0849839435868,1.720929358308108
1097.0631191371394,1.7339826223765433
1102.041567655816,1.7470259298032127
1107.0203294996168,1.760057291531512
1111.999404668541,1.773074719933449
1116.9787931625895,1.7860762291053518
1121.9584949817618,1.7990598351697646
1126.938510126058,1.8120235565846956
1131.918838595478,1.8249654144613392
1136.899480390022,1.8378834328913647
1141.88043550969,1.850775639284775
1146.861703954482,1.8636400647192963
